	{

		"metadata": {
			"formatVersion" : 3.1,
			"generatedBy"   : "Blender 2.7 Exporter",
			"vertices"      : 28,
			"faces"         : 38,
			"normals"       : 24,
			"colors"        : 0,
			"uvs"           : [1],
			"materials"     : 1,
			"morphTargets"  : 0,
			"bones"         : 0
		},

			"scale" : 1.000000,
			
			"vertices" : [0,0,-21,4,0,-21,8,0,-16,12,0,-8,15,0,4,15,0,-3,30,0,-21,18,0,-8,22,0,-16,25,0,-21,8,0,-44,12,0,-44,18,0,-44,22,0,-44,8,3,-16,4,3,-21,0,3,-21,15,3,4,12,3,-8,15,3,-3,18,3,-8,30,3,-21,22,3,-16,25,3,-21,8,3,-44,12,3,-44,18,3,-44,22,3,-44],
			"faces"    : [42,0,1,2,0,0,0,0,0,1,2,42,0,3,4,0,0,0,0,0,3,4,42,0,2,3,0,0,0,0,0,2,3,42,3,5,4,0,0,0,0,3,5,4,42,6,4,7,0,0,0,0,6,4,7,42,7,4,5,0,0,0,0,7,4,5,42,6,7,8,0,0,0,0,6,7,8,42,8,9,6,0,0,0,0,8,9,6,42,2,10,11,0,0,0,0,2,10,11,42,11,3,2,0,0,0,0,11,3,2,42,7,12,8,0,0,0,0,7,10,8,42,12,13,8,0,0,0,0,10,11,8,42,14,15,16,0,0,0,0,12,13,14,42,17,18,16,0,0,0,0,15,16,14,42,18,14,16,0,0,0,0,16,12,14,42,17,19,18,0,0,0,0,15,17,16,42,20,17,21,0,0,0,0,18,15,19,42,19,17,20,0,0,0,0,17,15,18,42,22,20,21,0,0,0,0,20,18,19,42,21,23,22,0,0,0,0,19,21,20,42,24,14,25,0,0,0,0,22,12,23,42,14,18,25,0,0,0,0,12,16,23,42,22,26,20,0,0,0,0,20,22,18,42,22,27,26,0,0,0,0,20,23,22,43,21,17,4,6,0,0,0,0,0,19,15,4,6,43,0,4,17,16,0,0,0,0,0,0,4,15,14,43,1,0,16,15,0,0,0,0,0,1,0,14,13,43,15,14,2,1,0,0,0,0,0,13,12,2,1,43,14,24,10,2,0,0,0,0,0,12,22,10,2,43,24,25,11,10,0,0,0,0,0,22,23,11,10,43,25,18,3,11,0,0,0,0,0,23,16,3,11,43,18,19,5,3,0,0,0,0,0,16,17,5,3,43,19,20,7,5,0,0,0,0,0,17,18,7,5,43,20,26,12,7,0,0,0,0,0,18,22,10,7,43,26,27,13,12,0,0,0,0,0,22,23,11,10,43,27,22,8,13,0,0,0,0,0,23,20,8,11,43,22,23,9,8,0,0,0,0,0,20,21,9,8,43,23,21,6,9,0,0,0,0,0,21,19,6,9],
			"uvs"      : [[0,0]],
			"normals"  : [-0.721091,-0.554613,-0.415204,0.399274,-0.609394,-0.684988,-0.035005,-0.990478,-0.132908,0.614551,-0.77102,-0.166692,0.002533,-0.554643,0.832057,-0.000366,-0.956999,-0.290017,0.719687,-0.554826,-0.417341,-0.615162,-0.770684,-0.16599,0.036317,-0.990112,-0.135289,-0.395764,-0.610065,-0.686392,-0.577349,-0.577349,-0.577349,0.577349,-0.577349,-0.577349,-0.035005,0.990478,-0.132908,0.399274,0.609394,-0.684988,-0.721091,0.554613,-0.415204,0.002533,0.554643,0.832057,0.614551,0.77102,-0.166692,-0.000366,0.956999,-0.290017,-0.615162,0.770684,-0.16599,0.719687,0.554826,-0.417341,0.036317,0.990112,-0.135289,-0.395764,0.610065,-0.686392,-0.577349,0.577349,-0.577349,0.577349,0.577349,-0.577349],
			
			"skinIndices"  : [],
			"skinWeights"  : [],
			"morphTargets" : [],
			
			"bones"      : [],
			"animations" : [],
			
			"colors"    : [],
			"materials" : [
				{
					"DbgColor": 15658734,
					"DbgIndex": 0,
					"DbgName": "mat__ACI__7",
					"blending": "NormalBlending",
					"colorAmbient": [0.7999632000917671, 0.7999632000917671, 0.7999632000917671],
					"colorDiffuse": [0.7999632000917671, 0.7999632000917671, 0.7999632000917671],
					"colorEmissive": [0.0, 0.0, 0.0],
					"colorSpecular": [0.8980389833450317, 0.8980389833450317, 0.8980389833450317],
					"depthTest": true,
					"depthWrite": true,
					"shading": "Lambert",
					"specularCoef": 3,
					"transparency": 1.0,
					"transparent": true,
					"vertexColors": false
				}
			]


	}
